linesAdded,linesDeleted,linesChanged,functionsAdded,functionsDeleted,functionsModified,classesAdded,classesDeleted,classesModified,importsAdded,importsDeleted,degreeCentrality,betweennessCentrality,pageRank,inDegree,outDegree,coupling,impactScore,impactLabel
5,1,2,0,0,1,0,0,0,0,0,0.10330564986963806,0.028501044005901307,0.07561585579265855,2,0,3,,Low
10,15,8,3,1,3,0,0,2,3,1,0.5297050785608234,0.3221055876732696,0.15187236417073408,7,2,14,,Medium
48,49,60,6,3,10,3,1,3,5,4,0.7519917133493524,0.8006605719384134,0.3983619331175565,15,5,16,,High
41,36,37,3,1,8,1,2,4,6,2,0.859369299520095,0.39460201924097854,0.31821678013941423,12,9,20,,High
69,31,32,4,1,10,1,2,5,6,3,0.6556175761749253,0.8499900046953095,0.5497738919757043,20,10,22,,High
5,2,2,0,0,0,0,0,0,0,0,0.02029979290021875,0.04843094073609931,0.023380709942357556,1,1,2,,Low
24,7,17,3,0,3,2,1,3,4,2,0.481253907926165,0.2601204272271356,0.12630793188285483,6,4,6,,Medium
17,10,12,1,1,2,1,1,1,1,0,0.322440956524952,0.3254579069033394,0.2048954163039795,8,5,8,,Medium
5,1,2,0,0,1,0,0,0,0,0,0.07817753204582971,0.048466252430203256,0.027248841971469977,0,0,0,,Low
20,7,15,1,0,2,1,0,2,3,0,0.47836080695143446,0.39878437038153713,0.20592437610820857,8,3,13,,Medium
4,0,0,0,0,0,0,0,0,0,0,0.02243465836775411,0.02271352761652546,0.03478997379035655,1,2,1,,Low
20,14,20,3,1,4,0,1,1,3,0,0.4712436958264139,0.35549203998124057,0.21847065451282088,4,4,13,,Medium
41,44,30,6,2,7,1,1,5,4,2,0.8702429987316914,0.8462628215519805,0.422330322857127,13,6,19,,High
18,15,18,2,0,4,1,1,2,2,1,0.566464202225078,0.17501598103994281,0.15627511226684704,4,4,13,,Medium
4,0,3,0,0,1,0,0,0,0,0,0.11782248551549494,0.006420238657425176,0.05743185795594829,1,0,1,,Low
24,9,18,3,1,2,1,1,2,1,0,0.2767446688689558,0.3301979029463211,0.11862200666507246,8,6,11,,Medium
2,0,0,0,0,0,0,0,0,0,0,0.13586083717757594,0.0008900187982340436,0.04041454521713169,1,1,2,,Low
59,26,60,3,1,9,2,1,3,2,4,0.7660014346838695,0.7633181636383779,0.5207958997374686,12,10,12,,High
19,7,10,1,0,3,1,1,1,4,0,0.28290251780647085,0.15377392491387526,0.09883611597733054,8,2,10,,Medium
1,1,3,0,0,1,0,0,0,0,0,0.12207078541002425,0.029824795509309634,0.05539735485329881,2,1,2,,Low
3,0,3,0,0,0,0,0,0,0,0,0.13244282130067167,0.040237840118307756,0.013693460564847222,2,1,1,,Low
11,7,20,2,1,2,2,1,3,4,2,0.5691929231622546,0.1781098561072978,0.14040126456496044,6,5,7,,Medium
4,0,1,0,0,1,0,0,0,0,0,0.11503158463333191,0.039038374675410444,0.04377129744136426,0,0,0,,Low
46,30,24,3,3,7,3,2,3,4,1,0.7914523843394141,0.38684193137327894,0.3273594199884867,13,8,17,,High
4,2,1,0,0,1,0,0,0,0,0,0.03458082994831289,0.03446803594722941,0.05164339212889471,1,2,3,,Low
51,48,30,3,3,10,3,1,4,3,2,0.5858185671774482,0.5154393666969437,0.5740253297497331,10,6,18,,High
3,0,0,0,0,0,0,0,0,0,0,0.011696815406061153,0.003908221073492796,0.06148798275310539,2,0,0,,Low
40,42,24,3,1,10,1,1,5,4,1,0.9357271406661452,0.5697934254133399,0.4541112202732605,13,12,19,,High
37,25,37,5,2,6,2,1,3,5,3,0.6498399052186757,0.4023329075449393,0.38235595419768986,10,10,15,,High
52,44,59,3,2,9,1,2,3,4,1,0.586478039881493,0.6794604726683737,0.2143929552961216,10,8,18,,High
20,10,15,1,1,2,1,0,3,1,1,0.5691421351045377,0.2647761960023301,0.11263951444417354,3,6,13,,Medium
5,1,3,0,0,0,0,0,0,0,0,0.0667620874555805,0.03129773551701926,0.0570996994848788,2,1,0,,Low
34,46,29,4,3,9,2,2,5,4,4,0.7595793989104322,0.552914783435769,0.5424625312109765,20,10,16,,High
39,49,31,6,2,10,3,1,3,5,1,0.7614216656678001,0.7993857838599916,0.2952153011473377,15,8,20,,High
12,5,10,1,1,2,1,0,3,3,0,0.5963880610172114,0.17716675592893333,0.23853195275753847,8,4,7,,Medium
13,12,10,1,1,4,1,1,1,1,0,0.5772086763130202,0.28512844838626844,0.12209630053168377,8,4,10,,Medium
45,28,42,6,2,8,1,2,3,5,2,0.5188883502071979,0.7102007869827024,0.4977664541538189,10,6,24,,High
35,43,54,6,3,7,3,2,4,2,2,0.5432347599182121,0.47887447450588516,0.3725324291337204,19,9,21,,High
54,22,39,4,2,7,2,2,5,5,4,0.7406035810998353,0.8030945209417113,0.5356115725213025,16,11,23,,High
48,32,24,3,1,5,3,2,5,2,1,0.5246082188451935,0.30660263640830004,0.32095667814260903,10,9,16,,High
3,1,1,0,0,0,0,0,0,0,0,0.10442051841323571,0.008570117653103221,0.046996077345737956,0,2,0,,Low
1,0,2,0,0,1,0,0,0,0,0,0.1247863073522449,0.04650667727879523,0.024462192399503556,0,1,3,,Low
45,40,58,4,3,7,1,2,3,2,3,0.5767062547631476,0.5771091959777417,0.2352077430384314,20,8,25,,High
17,15,11,1,0,5,1,1,3,2,2,0.37768110238448216,0.12502897466995752,0.20629590615395027,8,2,7,,Medium
21,10,13,2,1,2,2,0,1,2,2,0.31146078235936453,0.19657236950701523,0.08649479197995932,3,6,6,,Medium
24,14,15,3,1,3,0,0,1,4,0,0.5496362036592475,0.31973007201347425,0.13267539607393947,7,4,9,,Medium
4,1,0,0,0,0,0,0,0,0,0,0.03238006115592989,0.006584958959755083,0.055577391889037715,1,1,1,,Low
3,0,1,0,0,1,0,0,0,0,0,0.08179289349529537,0.013139544119160013,0.06660721913816689,1,2,2,,Low
17,7,11,3,0,4,1,0,1,2,2,0.4399586294218788,0.2778403537345462,0.2025620510134868,3,4,14,,Medium
24,8,19,1,0,4,2,1,2,1,0,0.33917024363490433,0.17901330809683474,0.11444046596988214,7,5,7,,Medium
65,30,33,6,1,10,1,1,5,3,2,0.5516553977764953,0.42713159161555175,0.2821805476117226,15,6,21,,High
19,10,14,1,0,5,2,1,3,1,1,0.588918205602786,0.3632357317465954,0.0941573539181288,6,5,10,,Medium
5,0,1,0,0,0,0,0,0,0,0,0.10725897563861764,0.043004358312482054,0.015885289648766985,1,2,2,,Low
14,8,12,3,1,5,2,1,2,2,1,0.28020609373587724,0.20724336142146801,0.20072519951000287,6,6,13,,Medium
1,0,3,0,0,1,0,0,0,0,0,0.1462990110360454,0.02004642318603488,0.0468733675693501,1,2,0,,Low
12,7,12,2,1,4,0,0,1,1,1,0.3060239903306516,0.19108080037044606,0.15275961271005328,7,4,11,,Medium
59,32,49,6,2,9,3,2,5,6,4,0.6986831078048189,0.6066966107655876,0.3621835016344769,12,11,22,,High
20,10,9,2,0,2,0,1,2,4,0,0.5697350525389417,0.20409413199480134,0.18376766255069804,7,2,6,,Medium
4,2,3,0,0,0,0,0,0,0,0,0.08913067449508753,0.007235587286612261,0.010849842962986134,1,2,3,,Low
22,8,20,3,1,5,2,0,1,3,2,0.29392431666406926,0.2923311004646437,0.24016487975727085,5,2,14,,Medium
44,34,48,5,3,5,2,2,3,5,2,0.6729162440480707,0.858216284424516,0.5560785995300335,11,8,17,,High
4,1,1,0,0,0,0,0,0,0,0,0.10580300210737612,0.00659564139380236,0.02034048433416611,0,0,3,,Low
40,38,26,4,1,10,3,2,4,3,3,0.8074745878649968,0.6560440245296781,0.253428173457443,19,8,23,,High
17,9,18,1,0,5,1,1,2,4,1,0.3034979549894772,0.38866296938055533,0.22110265595637857,6,4,9,,Medium
13,7,18,3,0,4,2,1,1,4,2,0.48056069813449853,0.10992389048862966,0.1157648209571428,5,3,5,,Medium
3,0,2,0,0,0,0,0,0,0,0,0.019272438401614155,0.023477143385764277,0.05962279572014856,1,2,0,,Low
43,25,46,4,3,6,1,2,4,3,1,0.5857998385436671,0.7218287065252413,0.3154714811802532,10,10,16,,High
17,12,18,3,1,2,2,1,2,2,0,0.4822482323874138,0.27994124331336123,0.13166102013109093,8,2,13,,Medium
56,48,20,4,3,7,1,1,4,5,2,0.9205073378512576,0.8663388996132175,0.31765175109263566,8,5,18,,High
55,28,51,3,1,10,3,1,4,5,2,0.7928165687723718,0.7420967552040647,0.2979637387905668,8,11,22,,High
3,0,2,0,0,0,0,0,0,0,0,0.09759157997061056,0.02240509165310733,0.04268243634905517,0,2,1,,Low
4,0,1,0,0,0,0,0,0,0,0,0.04833055467719552,0.02736656560670302,0.06108988665034695,0,1,3,,Low
44,50,25,5,3,5,3,1,5,3,3,0.7786741703292939,0.8480914716970989,0.4935872919139625,17,5,20,,High
64,44,31,3,2,10,3,2,4,6,4,0.5297662420162877,0.8755833220454505,0.5190087128145189,8,11,24,,High
2,2,3,0,0,0,0,0,0,0,0,0.14490180435198013,0.041622355111239295,0.020866161602491537,1,0,1,,Low
1,1,2,0,0,0,0,0,0,0,0,0.12674307808277993,0.04643376747990589,0.05695505135251013,2,0,0,,Low
18,5,19,3,0,5,2,1,1,1,1,0.38787965434560817,0.16255152866561146,0.14946444093743458,8,2,5,,Medium
4,2,3,0,0,0,0,0,0,0,0,0.1451868998087837,0.0440631173705608,0.022095826138583827,1,1,0,,Low
69,30,54,6,2,10,1,2,3,6,1,0.8888570154994693,0.42334123290105485,0.49905141048423035,12,11,25,,High
13,13,20,1,0,2,0,1,1,3,1,0.4772333186672621,0.18901049688649807,0.18688192085937272,3,2,12,,Medium
25,13,13,2,1,4,1,0,3,2,1,0.46777441961921334,0.36891338460076806,0.14116544772093884,8,5,12,,Medium
3,2,0,0,0,0,0,0,0,0,0,0.04936817249447843,0.04849360026197602,0.06713841247311024,2,1,1,,Low
13,6,12,3,0,3,2,0,1,3,1,0.5103388091946326,0.11856041394382455,0.15193881311418944,8,3,13,,Medium
56,25,33,3,2,7,2,1,4,2,4,0.5413747794528427,0.7124394700906256,0.28560652916652773,14,9,23,,High
2,2,0,0,0,1,0,0,0,0,0,0.10435047287623862,0.007796398389277476,0.06301894427531912,1,0,1,,Low
34,47,28,3,1,9,3,2,5,2,1,0.9270816489343847,0.6012554775359777,0.53285209016562,8,5,22,,High
18,5,16,1,0,4,1,0,1,1,1,0.5237052497136434,0.31726129429046845,0.1493630515107599,6,4,7,,Medium
3,0,2,0,0,1,0,0,0,0,0,0.13459707213782818,0.029818215807347354,0.03266632746624958,0,1,3,,Low
5,1,3,0,0,0,0,0,0,0,0,0.023474646198452867,0.03719083979047421,0.0672779991280813,0,2,3,,Low
60,22,43,6,3,10,1,1,4,6,4,0.6297447586545075,0.7309874977239881,0.3095090955908531,17,8,21,,High
50,49,28,4,3,8,2,2,5,4,4,0.837624994409972,0.7913931980701048,0.37745041287607517,16,11,24,,High
5,0,1,0,0,1,0,0,0,0,0,0.027535616320469754,0.031129307111835848,0.02625553331846231,1,2,3,,Low
2,2,0,0,0,0,0,0,0,0,0,0.030915994841601492,0.018884647117265615,0.0298545979352996,1,2,1,,Low
1,2,0,0,0,1,0,0,0,0,0,0.027618561558931026,0.046223389603160574,0.02826541826231152,2,1,0,,Low
1,0,1,0,0,0,0,0,0,0,0,0.10607363094142522,0.01652200930479494,0.06695744242306167,1,0,1,,Low
21,15,11,3,1,4,2,0,1,4,2,0.36152775045102015,0.3825195053450928,0.0843521367567934,6,4,6,,Medium
67,39,49,5,2,10,2,2,5,2,4,0.6359711933713382,0.7946934664064718,0.5102884924172957,13,7,15,,High
58,37,24,6,3,6,3,1,4,3,2,0.8020216928731315,0.5788772029001628,0.30641602677869695,19,10,20,,High
4,0,0,0,0,1,0,0,0,0,0,0.1385516196899695,0.0358716769865695,0.041135630672371956,1,0,0,,Low
50,37,48,3,3,10,3,1,5,2,1,0.5056824821279832,0.6664281387500377,0.20801575044330037,18,10,19,,High
2,0,0,0,0,1,0,0,0,0,0,0.07817214485566443,0.02084154047465533,0.012783694127173903,0,0,3,,Low
15,11,8,2,0,5,0,0,3,1,1,0.48092139897716457,0.34098174106392454,0.15803405017119085,7,5,5,,Medium
22,8,10,1,0,4,0,0,1,1,2,0.3763886654783253,0.17325023655610716,0.20984586618023893,3,6,10,,Medium
3,1,0,0,0,0,0,0,0,0,0,0.12098236983536348,0.039717100572692884,0.07182504139551743,1,1,0,,Low
45,26,52,3,2,8,1,1,4,5,4,0.6096240367168423,0.6963115698330664,0.4357004301673443,9,9,13,,High
12,6,10,2,1,5,1,0,3,3,2,0.3213404439683637,0.2902277320308533,0.1046308849855552,7,5,9,,Medium
18,10,14,3,0,5,0,1,1,4,0,0.4353294581614229,0.25347777451971726,0.1635998341604396,3,5,12,,Medium
36,30,55,6,2,5,1,1,5,4,2,0.8114531834300744,0.8768359992656052,0.40875933165504746,12,5,24,,High
68,46,54,5,1,10,2,2,4,5,2,0.6933653594633564,0.4276070986631507,0.3889533958129714,11,5,17,,High
16,5,16,1,1,5,0,1,3,1,2,0.5436864298045082,0.1481395118353123,0.22151847992908963,5,4,8,,Medium
44,46,30,3,2,7,2,1,4,2,4,0.8666133579884995,0.44436410219406597,0.21398942521814548,13,7,21,,High
3,1,0,0,0,0,0,0,0,0,0,0.0749190168603991,0.008502341657655366,0.021431245538243222,1,0,0,,Low
57,20,21,6,2,7,3,2,3,5,2,0.616769479234702,0.48477506205161913,0.533762690895643,13,6,20,,High
59,49,56,4,1,5,2,1,5,6,2,0.910579062328418,0.7600862522760079,0.5927795723679807,18,12,16,,High
2,1,0,0,0,0,0,0,0,0,0,0.030016620168830506,0.009894435218590498,0.05500632857209126,2,0,1,,Low
43,24,28,4,1,6,1,1,3,5,3,0.8556278494322114,0.3533357267069912,0.32998123620327,9,6,15,,High
62,31,29,5,2,7,3,2,5,3,4,0.7547046146258167,0.7192951159766972,0.5833064720523673,9,9,24,,High
24,9,14,1,1,5,0,1,3,4,2,0.3705065817278328,0.39917471062657506,0.2353520966216765,4,2,6,,Medium
55,45,59,3,1,5,3,2,5,4,2,0.5609041350605388,0.47707086252469577,0.21053945052418885,10,7,22,,High
30,36,46,5,2,10,3,2,4,3,3,0.7127537535069234,0.8948196443246768,0.5121221263003493,11,11,25,,High
49,43,58,6,3,9,2,2,4,3,3,0.8197772723382406,0.6279675792933384,0.3996048853099564,14,12,23,,High
3,2,1,0,0,0,0,0,0,0,0,0.04604221779166062,0.04973100628969599,0.0497187253366135,1,0,1,,Low
44,24,22,5,1,7,3,1,4,4,3,0.7523223239508716,0.5721766460542983,0.23619576487734117,20,5,12,,High
51,31,35,4,2,10,1,2,4,4,3,0.615546110959247,0.7614314489259538,0.4605849603925193,20,12,17,,High
20,12,16,3,0,3,0,0,2,1,2,0.5145624633576822,0.2110672528819105,0.1856689310176352,6,4,9,,Medium
23,12,14,3,1,2,0,1,2,2,1,0.5990865715571032,0.2641321658399881,0.23879998045537998,6,4,11,,Medium
15,15,19,2,0,4,0,0,2,4,0,0.5229246092579098,0.39316881154199246,0.10127517325137797,6,2,11,,Medium
24,6,10,1,0,3,0,1,3,2,1,0.34375673863264605,0.2915315995668163,0.13180275153672838,7,2,7,,Medium
1,2,3,0,0,0,0,0,0,0,0,0.12751429513725904,0.0005743036627899378,0.04290421463125271,1,0,3,,Low
31,45,23,4,1,6,1,2,4,4,2,0.5880651050891669,0.542355852002578,0.3079488799662359,8,9,15,,High
69,38,27,3,2,7,1,1,3,5,1,0.7763923050664888,0.4357384653778952,0.3135665180487707,14,11,16,,High
19,10,13,1,0,5,0,0,1,4,0,0.3783916345025108,0.31210974977516415,0.08103449859999179,8,6,14,,Medium
50,45,33,6,1,8,1,2,4,6,4,0.7752099684052991,0.3142765780640963,0.3251339199880701,18,8,24,,High
20,6,13,1,0,5,2,1,1,2,0,0.2573810515767639,0.10092616162079845,0.17439585053177153,3,6,10,,Medium
15,12,16,2,0,5,0,0,1,4,1,0.48565467607027535,0.39247671908297255,0.20302207403813094,6,2,7,,Medium
16,11,15,3,0,3,0,0,2,2,0,0.471060074360635,0.35562248587983036,0.14945181015094933,8,6,8,,Medium
3,2,3,0,0,0,0,0,0,0,0,0.13285188737775644,0.008832923542377857,0.05721734554976236,1,0,2,,Low
48,27,44,6,3,9,2,2,3,2,1,0.8715896899579768,0.5443444075094777,0.2492379961870113,17,8,13,,High
67,26,58,3,2,10,1,1,4,5,3,0.8222516818278631,0.7913987251652584,0.2559907058396331,9,8,16,,High
4,0,2,0,0,0,0,0,0,0,0,0.09260338680242809,0.02476007260728146,0.025941039642523922,2,0,3,,Low
10,13,13,3,1,4,2,0,1,3,2,0.4677849923131798,0.18488120422580287,0.17264343890653627,6,2,13,,Medium
19,15,18,2,1,2,1,0,1,3,1,0.2820256985259682,0.16900493228288,0.12269844869218255,5,3,14,,Medium
18,10,18,1,0,4,2,1,2,3,1,0.45842059832235194,0.26270202868097403,0.12581233366553823,4,5,12,,Medium
3,2,2,0,0,0,0,0,0,0,0,0.1069583289268993,0.03530489659652394,0.05834203582123893,1,2,1,,Low
16,9,8,3,1,4,2,0,3,2,2,0.46056056883425756,0.12010492131678518,0.1854184647354023,3,6,7,,Medium
4,2,0,0,0,1,0,0,0,0,0,0.07682603217755983,0.03385301149248993,0.0386229668439756,2,1,1,,Low
62,27,51,5,3,9,2,1,4,6,2,0.5934114656721713,0.604838995049765,0.3157049925387506,12,9,19,,High
1,1,2,0,0,0,0,0,0,0,0,0.08884533314850787,0.024137015605634107,0.022221470999436957,0,0,3,,Low
42,31,30,4,1,8,2,1,4,2,1,0.5068059461893514,0.5084479296138341,0.5022024458450176,17,5,21,,High
51,43,48,6,1,7,1,1,5,2,4,0.6612767031596489,0.6562989152386417,0.2531942006537354,20,5,17,,High
1,1,2,0,0,1,0,0,0,0,0,0.09047465939740908,2.4168459705176117e-05,0.016906879408685356,2,0,0,,Low
41,28,29,6,2,6,3,1,3,2,4,0.9497726470082486,0.886110398626585,0.49600852094936165,19,12,25,,High
55,32,50,3,2,5,2,1,5,5,1,0.8396390504168358,0.567191938229726,0.4462258692670893,9,11,21,,High
17,9,12,1,1,3,0,0,2,3,2,0.32963818465844386,0.3569566018995083,0.19348659336856688,4,2,5,,Medium
19,6,14,2,0,2,2,1,3,3,2,0.351569579426477,0.14110326735637438,0.1730430494545045,8,5,12,,Medium
63,46,45,6,2,7,2,2,3,3,3,0.8621502977291229,0.6046065899772881,0.4258884718766096,10,12,25,,High
3,0,2,0,0,0,0,0,0,0,0,0.06544258119909838,0.03976145795532683,0.038091038508907424,1,2,1,,Low
3,0,0,0,0,1,0,0,0,0,0,0.1128443993126045,0.030159665042246864,0.0334400287208035,0,1,1,,Low
58,48,50,6,1,10,3,2,3,2,2,0.8131387769668652,0.6560097939438139,0.5345865080013269,13,9,21,,High
11,15,10,3,1,2,0,1,2,2,2,0.34461811508119405,0.327508011958636,0.20486289926250062,8,6,10,,Medium
4,1,0,0,0,1,0,0,0,0,0,0.11794943782094305,0.022246029090764292,0.07765807915025606,2,0,0,,Low
5,1,2,0,0,1,0,0,0,0,0,0.10335480168113778,0.03073357728832355,0.02713708335865117,2,0,0,,Low
18,14,8,3,0,2,1,1,2,2,2,0.4687668703350415,0.26950338537555857,0.22872627604099305,6,4,13,,Medium
12,12,11,1,0,2,0,0,2,3,0,0.3218323357891115,0.14418247020117558,0.09602350297213602,4,5,12,,Medium
5,2,1,0,0,1,0,0,0,0,0,0.07553018517188302,0.016705995531923586,0.04841510803427658,0,1,2,,Low
13,7,10,1,0,5,0,1,1,1,2,0.3541628621286925,0.37865772985702173,0.2334455523241067,6,2,7,,Medium
39,23,53,6,2,6,1,2,5,4,1,0.6641904202876114,0.5077927131206824,0.5058104698666961,10,7,16,,High
13,12,14,1,1,3,2,0,2,4,2,0.5042942761058583,0.2565222063762825,0.1131917231864995,5,2,7,,Medium
5,1,0,0,0,1,0,0,0,0,0,0.11083357327045228,0.0030837240700218984,0.051680831845308445,0,2,0,,Low
65,24,53,4,1,6,1,2,3,4,2,0.6809127150472698,0.5328013212066915,0.545232864399641,18,6,12,,High
66,35,23,4,2,9,3,1,4,5,2,0.553699917222231,0.3026787380655816,0.48207130792735853,12,10,22,,High
22,11,19,1,0,2,0,0,3,3,0,0.2968682910507308,0.34039464251122675,0.16310886293484878,5,3,11,,Medium
14,13,9,3,1,3,2,1,1,2,1,0.41932092914906816,0.33708013753125216,0.10751800173730547,5,6,6,,Medium
1,1,1,0,0,1,0,0,0,0,0,0.05054368344213397,0.00943166525630766,0.052425469917578404,0,2,0,,Low
21,12,9,3,1,2,0,1,1,3,1,0.3629035492786711,0.1731838528188105,0.1837816034174259,7,4,12,,Medium
3,2,1,0,0,0,0,0,0,0,0,0.05183999621186167,0.02739943746206971,0.05283121139440043,1,0,3,,Low
10,11,10,3,1,3,1,0,2,3,1,0.2901961478807351,0.27990725672729355,0.10074391499753235,8,5,9,,Medium
24,5,10,1,1,3,2,1,2,2,0,0.3447285479664438,0.35140181706828033,0.10252935047552525,5,2,10,,Medium
1,0,1,0,0,0,0,0,0,0,0,0.11313955205503062,0.02751119709144961,0.04181933919551896,1,2,2,,Low
2,2,0,0,0,1,0,0,0,0,0,0.1372609986212094,0.022131459681176448,0.07179269812636636,2,0,0,,Low
5,1,1,0,0,0,0,0,0,0,0,0.045974602506971725,0.0298469009809765,0.07495552726809714,0,1,0,,Low
17,15,9,3,0,3,1,0,2,2,0,0.4251990540387288,0.32277888640284225,0.19761037134795112,5,6,8,,Medium
51,48,47,4,3,8,2,2,3,5,2,0.6150063311992618,0.5077547502708752,0.363852341848275,14,9,12,,High
41,50,28,6,1,6,2,2,4,2,2,0.6480193385429083,0.8681516627672246,0.24750316326924532,8,10,25,,High
41,20,30,6,2,6,1,2,3,4,4,0.8762028745456606,0.7882272852893077,0.408138612991771,18,6,14,,High
41,22,50,3,1,8,2,2,5,2,4,0.8188263733038371,0.6732459387034981,0.304054451797037,18,9,16,,High
5,2,1,0,0,1,0,0,0,0,0,0.13852927481736826,0.03962030885601573,0.07456083401029079,2,2,2,,Low
1,0,1,0,0,0,0,0,0,0,0,0.07727807073478296,0.04032555955049979,0.06843741000771188,2,1,3,,Low
1,2,3,0,0,1,0,0,0,0,0,0.07609529799420463,0.02054288119741983,0.0684648696599758,1,0,2,,Low
25,5,11,2,1,2,2,1,2,4,1,0.43874614130087436,0.18562354337994103,0.20491846899011615,7,4,11,,Medium
66,27,35,5,3,7,2,1,5,5,3,0.599924690648286,0.5075675501382753,0.5096908187667177,11,11,18,,High
17,6,10,1,1,5,0,0,2,4,0,0.31435416746357897,0.1344239767449152,0.0963067999337326,3,2,11,,Medium
2,0,2,0,0,0,0,0,0,0,0,0.13979172938068968,0.04019275576799237,0.051663469496012145,1,0,3,,Low
30,47,32,4,1,9,3,1,3,4,1,0.6703223432000885,0.5561770841278892,0.3515089979512266,19,7,16,,High
11,7,17,1,1,4,2,0,3,1,2,0.4818324724301794,0.1275714353135617,0.21851032284663463,3,6,9,,Medium
33,49,60,4,1,6,1,2,5,6,4,0.5506224805787611,0.40712605641033917,0.48260615913040356,11,12,16,,High
39,25,60,6,1,6,3,2,5,5,1,0.788438531332432,0.5889513867514888,0.3225532265244059,16,12,23,,High
19,11,13,1,0,2,2,0,2,3,1,0.3856595108768399,0.10822098690146426,0.24007863052887524,6,5,11,,Medium
10,5,11,3,1,5,2,1,1,2,2,0.5493023179447878,0.21833502567336027,0.17340209558785716,5,6,5,,Medium
16,13,18,1,1,3,0,0,3,1,1,0.5454319125150744,0.17256646554830218,0.22393859207320815,3,4,5,,Medium
30,42,58,5,2,6,3,2,5,3,3,0.6363050473065229,0.4893684753809403,0.43109229193735576,11,12,15,,High
44,42,44,3,1,6,1,1,4,3,3,0.6695031850113843,0.8476900381402552,0.30744363200371955,17,6,24,,High
13,9,20,3,1,5,0,1,2,2,1,0.42801322888393245,0.12411073761953027,0.18346668120790222,3,4,11,,Medium
1,0,0,0,0,1,0,0,0,0,0,0.06411073570229925,0.04163931688472273,0.027814755865114497,0,0,0,,Low
4,0,3,0,0,0,0,0,0,0,0,0.08760836361248601,0.011117681877853303,0.0782320628444253,1,0,0,,Low
5,2,1,0,0,1,0,0,0,0,0,0.05637832963057967,0.04051781517154631,0.040269070718520934,1,2,0,,Low
22,9,14,2,1,3,0,1,2,3,1,0.2630043442318916,0.25248216397288187,0.20439061627706687,7,6,12,,Medium
4,0,0,0,0,0,0,0,0,0,0,0.03643373989727169,0.03357379221566576,0.06255360739162429,0,2,2,,Low
4,1,1,0,0,0,0,0,0,0,0,0.10626074979986595,0.006856634076770635,0.02458508552786038,0,2,3,,Low
4,2,1,0,0,0,0,0,0,0,0,0.10736959038971657,0.020416541467960847,0.06870262164705238,0,1,0,,Low
16,15,18,1,1,4,2,0,1,1,2,0.39698175826611093,0.22161000958956056,0.09723818112673932,6,2,10,,Medium
3,1,3,0,0,0,0,0,0,0,0,0.1278228377965948,0.04774043854999345,0.06397634433829096,0,0,0,,Low
58,33,30,6,2,8,1,1,3,6,2,0.8736041229391405,0.4885665561697463,0.5727185981286165,20,9,14,,High
10,15,17,1,0,4,0,0,3,2,1,0.4238827894952382,0.3779547879744134,0.22116351428487135,5,2,5,,Medium
53,29,48,6,3,9,1,2,3,5,1,0.6098347989476666,0.5016461984462073,0.3433965162606414,16,11,25,,High
2,2,0,0,0,1,0,0,0,0,0,0.1270360746750827,0.0481161233984258,0.011717492582167888,2,2,2,,Low
13,12,13,3,1,2,0,0,1,2,0,0.4876139899079379,0.20965395766590098,0.14274001899902078,7,4,12,,Medium
45,38,43,6,2,9,1,2,3,5,4,0.6250468900261285,0.6291849715659634,0.5403063074700993,14,10,13,,High
49,37,41,4,3,10,2,1,4,5,4,0.5833962413600762,0.7490165426107409,0.41980252466707846,14,10,21,,High
24,13,9,2,1,3,1,1,2,1,1,0.4280660811241821,0.2952306588940471,0.19935638492221416,8,6,9,,Medium
58,35,22,4,3,10,3,2,4,2,2,0.5299921665244228,0.8339855477850604,0.2601374085112554,12,11,19,,High
12,9,12,3,1,4,2,0,2,2,2,0.49165375762320673,0.2972124345844759,0.11786503663105281,6,5,6,,Medium
1,0,2,0,0,0,0,0,0,0,0,0.1430989606159216,0.01698555188462856,0.0395045764948406,2,2,0,,Low
61,49,59,6,2,9,1,2,4,3,4,0.6455211417755987,0.7994890273537695,0.3758603600436534,19,12,17,,High
19,5,9,3,0,2,2,0,1,4,0,0.34313818527812123,0.20872420275563902,0.1284718156611419,3,4,6,,Medium
50,33,55,5,3,5,2,1,5,4,4,0.8421763409021483,0.37991245350301434,0.5780498038737576,14,7,17,,High
40,37,20,3,3,7,2,2,4,5,3,0.5297030809192109,0.4050669829017329,0.334224386029632,20,7,12,,High
5,1,2,0,0,0,0,0,0,0,0,0.09398698022213534,0.022532602975976875,0.06987637412306565,2,1,1,,Low
4,1,0,0,0,0,0,0,0,0,0,0.061401909926162596,0.004523952916393415,0.03341592634612585,2,1,1,,Low
4,2,1,0,0,1,0,0,0,0,0,0.05300351576929455,0.004352615959145795,0.03898806386870292,2,1,0,,Low
61,27,25,3,2,6,3,2,4,4,2,0.7994560593776232,0.5679441916688968,0.5591815707673632,14,12,25,,High
3,1,1,0,0,1,0,0,0,0,0,0.053635215332599274,0.04519787277093211,0.07833398370660569,0,2,3,,Low
46,42,34,5,1,5,2,2,5,6,1,0.6805460089032733,0.4061133231116711,0.5340123798436105,18,6,23,,High
47,39,55,4,2,10,2,1,5,6,4,0.6113748499302398,0.40458294039646353,0.39435372214713715,13,7,12,,High
21,7,8,1,1,4,1,0,2,1,1,0.3289140846489732,0.32556813537734897,0.0971322518301908,8,6,7,,Medium
3,1,3,0,0,1,0,0,0,0,0,0.046341555562734685,0.012401877800329903,0.024066870903135175,2,1,0,,Low
63,31,55,5,2,5,1,2,5,3,1,0.6076171913136994,0.8562227341052409,0.2608694296078999,16,9,18,,High
44,43,60,6,1,10,2,1,5,4,4,0.5294459338641248,0.5083273323318891,0.33559165933656054,15,8,14,,High
55,47,26,6,1,5,2,1,3,4,4,0.5326314887180879,0.8171748605020108,0.20840813920027476,9,5,21,,High
54,22,54,6,2,7,2,1,4,5,1,0.5560347408425236,0.5278813276258958,0.38111685525019146,20,6,12,,High
13,10,10,1,1,3,0,0,3,3,1,0.2522691833853523,0.3494524050651999,0.14849765059820488,6,3,14,,Medium
12,5,14,2,0,4,2,0,1,4,0,0.4955216927522743,0.24645573189408396,0.23624998232645333,7,4,5,,Medium
17,7,15,1,1,4,1,1,1,4,2,0.4950264041537945,0.39884932976846665,0.1878897537939882,3,3,6,,Medium
1,1,3,0,0,1,0,0,0,0,0,0.11552160911198896,0.03941816758004979,0.045683508757922264,1,0,2,,Low
17,10,13,2,0,4,0,1,3,2,0,0.47866960881040466,0.39408464051774095,0.08165987370432706,5,5,9,,Medium
12,6,20,3,1,2,2,1,1,2,2,0.5638934678039672,0.10807329758786799,0.15410868769008024,4,5,12,,Medium
14,10,13,2,0,4,2,0,1,3,2,0.4396668075123762,0.2230556617515324,0.12028808672739533,8,3,5,,Medium
67,33,51,6,3,10,2,2,4,5,3,0.8645660571161358,0.7114768416943211,0.23203302197227346,17,11,13,,High
3,2,3,0,0,1,0,0,0,0,0,0.1454185206088834,0.04937193013659968,0.042291642917802866,1,1,3,,Low
1,1,2,0,0,1,0,0,0,0,0,0.11955731780998449,0.005382192870723091,0.04351636643143269,2,2,2,,Low
54,33,25,6,1,7,1,1,4,3,2,0.6335231530181282,0.5990036395262762,0.5128788896313676,20,6,17,,High
4,0,2,0,0,1,0,0,0,0,0,0.09386411929203162,0.03290180973402516,0.0617526125176709,2,2,2,,Low
19,10,12,2,0,3,2,0,1,4,0,0.31582862122654065,0.23795748674537848,0.14432815467428312,5,2,5,,Medium
2,2,2,0,0,0,0,0,0,0,0,0.04212873644018945,0.04149856372210084,0.04064556275140583,2,0,2,,Low
2,0,0,0,0,0,0,0,0,0,0,0.040746832788732416,0.028728750740716753,0.06435448192028655,1,2,2,,Low
2,2,2,0,0,0,0,0,0,0,0,0.07576036196464345,0.01450917818176714,0.03084981454565667,2,2,1,,Low
2,2,1,0,0,0,0,0,0,0,0,0.11218673761719308,0.04476865415711071,0.03219348855877173,1,1,0,,Low
64,39,28,6,2,10,1,2,3,4,2,0.9330604156565527,0.5759224655192989,0.2372336080829014,20,11,14,,High
36,20,54,5,1,9,3,2,4,2,1,0.723524498502502,0.6106496434353574,0.2587582977403107,14,6,17,,High
11,6,10,3,0,5,0,0,3,4,2,0.4756184607274131,0.39836268926122786,0.22695355156915176,4,6,8,,Medium
15,13,13,1,1,3,2,0,1,2,0,0.392245697509473,0.3976273531861565,0.23769914693568261,3,4,6,,Medium
54,20,39,6,1,5,3,1,5,6,2,0.8119732135375555,0.6770444360827226,0.2416718530551868,8,7,17,,High
1,0,2,0,0,1,0,0,0,0,0,0.12689078028862985,0.005099327376212704,0.02514887753577281,2,1,2,,Low
2,0,1,0,0,1,0,0,0,0,0,0.09350919024873316,0.01557639293622537,0.03061344385418057,2,1,1,,Low
23,14,8,1,1,4,2,0,1,1,2,0.4259670174459598,0.13930368664157652,0.11200649516022015,5,4,6,,Medium
5,1,3,0,0,0,0,0,0,0,0,0.08067034294602451,0.0186777110287582,0.054508613751095426,0,2,1,,Low
44,39,24,3,1,10,2,1,4,5,4,0.6927598538628861,0.3980133378731601,0.22622155853951945,20,9,17,,High
1,2,2,0,0,1,0,0,0,0,0,0.11149810820932106,0.04289451778323635,0.07487964738083498,2,1,1,,Low
1,0,0,0,0,1,0,0,0,0,0,0.128873328922799,0.010639723653328177,0.010944244886507087,2,2,0,,Low
17,13,14,2,0,3,0,0,1,2,0,0.5708574839938245,0.10430229656851273,0.19186217955897278,4,2,14,,Medium
3,0,1,0,0,1,0,0,0,0,0,0.09650115034083928,0.03341754551117148,0.019285128597414835,2,1,3,,Low
20,5,11,3,1,2,0,0,2,3,1,0.5635711344705865,0.2393942655007859,0.1775892671202736,3,2,14,,Medium
24,9,18,2,0,5,0,1,3,2,1,0.30635612032378146,0.34548940963065317,0.12669990413480078,5,5,5,,Medium
4,2,3,0,0,1,0,0,0,0,0,0.03662531150936481,0.04745547905923951,0.04391169612640362,0,1,3,,Low
3,2,2,0,0,1,0,0,0,0,0,0.026759802321508243,0.024117017410660958,0.07712246457934603,0,0,3,,Low
3,0,1,0,0,1,0,0,0,0,0,0.06830727365547459,0.03729989537318182,0.018544400415584916,0,1,0,,Low
21,5,20,1,0,4,2,1,1,1,0,0.5720374877646066,0.2717354255100044,0.10153549079016191,4,2,9,,Medium
18,6,8,2,0,3,0,1,1,2,0,0.2893000687074246,0.25647583455830547,0.09533025022196795,5,6,14,,Medium
3,1,0,0,0,0,0,0,0,0,0,0.024059330293014863,0.030820386653249477,0.013136686111570164,0,0,0,,Low
12,12,15,2,1,3,1,0,3,3,2,0.5022792415916613,0.26497100555559017,0.2114819450802145,3,5,5,,Medium
38,23,36,6,2,8,2,1,5,5,4,0.5195686122442136,0.6590459563262715,0.5759829890458331,13,7,23,,High
23,5,9,2,0,3,0,1,2,2,1,0.5459874243657996,0.29705315552252876,0.21271655753614654,3,2,5,,Medium
42,49,60,5,2,9,1,1,5,6,1,0.6484656064866556,0.8595846166172381,0.3319877172078058,20,10,15,,High
10,15,17,2,0,3,0,0,2,3,2,0.45045007704293527,0.1896047470465762,0.11901525617117126,8,3,8,,Medium
4,2,0,0,0,0,0,0,0,0,0,0.07366905179847559,0.03308289499601346,0.040553197435673684,0,0,1,,Low
39,44,54,3,1,7,2,1,4,5,2,0.500486683029464,0.5225850060782844,0.3052202018035191,11,5,22,,High
59,39,55,4,3,7,3,1,3,4,1,0.7044167250525022,0.7496166952713434,0.2037847043217451,8,12,21,,High
22,10,13,2,0,5,2,1,1,4,0,0.3643714318298773,0.25725277023276605,0.2374558768720254,3,4,8,,Medium
5,1,3,0,0,1,0,0,0,0,0,0.14071352970729928,0.010616825615490778,0.04215872470652215,0,2,0,,Low
19,5,17,1,1,2,1,1,2,3,0,0.571942881020008,0.16335134981625207,0.2167846636936996,7,2,13,,Medium
54,22,58,6,2,10,2,2,3,3,3,0.504231057212575,0.7608473806403347,0.531491765888473,9,8,21,,High
12,14,12,2,0,3,2,0,1,4,0,0.4198658710582543,0.18035533168911083,0.10446273048857138,8,2,9,,Medium
1,1,3,0,0,0,0,0,0,0,0,0.11294935477868098,0.041107428455885844,0.04890852137013383,1,2,1,,Low
4,1,0,0,0,1,0,0,0,0,0,0.061738817271488035,0.04150337998298759,0.026455121439933886,0,1,0,,Low
18,6,11,3,0,4,0,1,2,1,1,0.5579540591586856,0.3880187909023819,0.14626048899483218,6,3,7,,Medium
4,1,2,0,0,0,0,0,0,0,0,0.13582707963650412,0.03434451182736976,0.056162110871787435,0,2,1,,Low
5,1,3,0,0,1,0,0,0,0,0,0.04196027115959784,0.030796261224397492,0.013079339942439008,0,2,0,,Low
23,10,18,1,1,2,0,1,2,3,2,0.5126173694081395,0.1634400272407055,0.17990343366552747,3,3,12,,Medium
43,27,50,4,2,8,1,2,4,2,1,0.9448522926771171,0.737799117307545,0.247585742108948,11,12,22,,High
61,31,28,6,3,10,1,2,3,5,3,0.804241803905021,0.4032840218704215,0.3004485283368232,10,5,24,,High
